session_id,instrument,timeframe,bar_index,timestamp,action,position_before,position_after,price_reference,setup_label,reason_label,quality,note,key_used
ff0494d5cdbd,RB99,1m,0,2019-04-12 21:00:00,skip,0,0,3833.0,,range_noise,,,RIGHT
ff0494d5cdbd,RB99,1m,1,2019-04-12 21:01:00,skip,0,0,3828.0,,range_noise,,,RIGHT
ff0494d5cdbd,RB99,1m,2,2019-04-12 21:02:00,skip,0,0,3825.0,,range_noise,,,RIGHT
ff0494d5cdbd,RB99,1m,3,2019-04-12 21:03:00,short,0,-1,3815.0,,failed_breakout,,,DOWN
ff0494d5cdbd,RB99,1m,4,2019-04-12 21:04:00,flat,-1,0,3817.0,,no_follow_through,,,LEFT
ff0494d5cdbd,RB99,1m,5,2019-04-12 21:05:00,skip,0,0,3814.0,,range_noise,,,RIGHT
ff0494d5cdbd,RB99,1m,6,2019-04-12 21:06:00,short,0,-1,3810.0,,trend_resume,,,DOWN
ff0494d5cdbd,RB99,1m,7,2019-04-12 21:07:00,flat,-1,0,3813.0,,no_follow_through,,,LEFT
ff0494d5cdbd,RB99,1m,8,2019-04-12 21:08:00,skip,0,0,3816.0,,range_noise,,,RIGHT
ff0494d5cdbd,RB99,1m,9,2019-04-12 21:09:00,skip,0,0,3812.0,,range_noise,,,RIGHT
ff0494d5cdbd,RB99,1m,10,2019-04-12 21:10:00,skip,0,0,3814.0,,range_noise,,,RIGHT
ff0494d5cdbd,RB99,1m,11,2019-04-12 21:11:00,long,0,1,3819.0,,,,,UP
ff0494d5cdbd,RB99,1m,12,2019-04-12 21:12:00,flat,1,0,3814.0,,no_follow_through,,,LEFT
ff0494d5cdbd,RB99,1m,13,2019-04-12 21:13:00,skip,0,0,3811.0,,range_noise,,,RIGHT
ff0494d5cdbd,RB99,1m,14,2019-04-12 21:14:00,skip,0,0,3809.0,,range_noise,,,RIGHT
ff0494d5cdbd,RB99,1m,15,2019-04-12 21:15:00,skip,0,0,3810.0,,range_noise,,,RIGHT
ff0494d5cdbd,RB99,1m,16,2019-04-12 21:16:00,skip,0,0,3812.0,,range_noise,,,RIGHT
ff0494d5cdbd,RB99,1m,17,2019-04-12 21:17:00,skip,0,0,3815.0,,range_noise,,,RIGHT
ff0494d5cdbd,RB99,1m,18,2019-04-12 21:18:00,skip,0,0,3813.0,,range_noise,,,RIGHT
ff0494d5cdbd,RB99,1m,19,2019-04-12 21:19:00,long,0,1,3816.0,,trend_resume,,,UP
ff0494d5cdbd,RB99,1m,20,2019-04-12 21:20:00,skip,1,1,3814.0,,range_noise,,,RIGHT
ff0494d5cdbd,RB99,1m,21,2019-04-12 21:21:00,flat,1,0,3813.0,,no_follow_through,,,LEFT
ff0494d5cdbd,RB99,1m,22,2019-04-12 21:22:00,skip,0,0,3815.0,,range_noise,,,RIGHT
ff0494d5cdbd,RB99,1m,23,2019-04-12 21:23:00,skip,0,0,3814.0,,range_noise,,,RIGHT
ff0494d5cdbd,RB99,1m,24,2019-04-12 21:24:00,short,0,-1,3808.0,,trend_resume,,,DOWN
ff0494d5cdbd,RB99,1m,25,2019-04-12 21:25:00,skip,-1,-1,3809.0,,range_noise,,,RIGHT
ff0494d5cdbd,RB99,1m,26,2019-04-12 21:26:00,skip,-1,-1,3807.0,,range_noise,,,RIGHT
ff0494d5cdbd,RB99,1m,27,2019-04-12 21:27:00,flat,-1,0,3809.0,,,,,LEFT
ff0494d5cdbd,RB99,1m,28,2019-04-12 21:28:00,skip,0,0,3810.0,,range_noise,,,RIGHT
ff0494d5cdbd,RB99,1m,29,2019-04-12 21:29:00,skip,0,0,3811.0,,range_noise,,,RIGHT
ff0494d5cdbd,RB99,1m,30,2019-04-12 21:30:00,skip,0,0,3811.0,,range_noise,,,RIGHT
ff0494d5cdbd,RB99,1m,31,2019-04-12 21:31:00,skip,0,0,3809.0,,range_noise,,,RIGHT
ff0494d5cdbd,RB99,1m,32,2019-04-12 21:32:00,long,0,1,3815.0,,trend_resume,,,UP
ff0494d5cdbd,RB99,1m,33,2019-04-12 21:33:00,skip,1,1,3814.0,,range_noise,,,RIGHT
ff0494d5cdbd,RB99,1m,34,2019-04-12 21:34:00,skip,1,1,3816.0,,range_noise,,,RIGHT
ff0494d5cdbd,RB99,1m,35,2019-04-12 21:35:00,skip,1,1,3813.0,,range_noise,,,RIGHT
ff0494d5cdbd,RB99,1m,36,2019-04-12 21:36:00,skip,1,1,3814.0,,range_noise,,,RIGHT
ff0494d5cdbd,RB99,1m,37,2019-04-12 21:37:00,flat,1,0,3812.0,,structure_broke,,,LEFT
ff0494d5cdbd,RB99,1m,38,2019-04-12 21:38:00,skip,0,0,3812.0,,range_noise,,,RIGHT
ff0494d5cdbd,RB99,1m,39,2019-04-12 21:39:00,skip,0,0,3813.0,,range_noise,,,RIGHT
ff0494d5cdbd,RB99,1m,40,2019-04-12 21:40:00,skip,0,0,3813.0,,range_noise,,,RIGHT
ff0494d5cdbd,RB99,1m,41,2019-04-12 21:41:00,skip,0,0,3814.0,,range_noise,,,RIGHT
ff0494d5cdbd,RB99,1m,42,2019-04-12 21:42:00,skip,0,0,3814.0,,range_noise,,,RIGHT
ff0494d5cdbd,RB99,1m,43,2019-04-12 21:43:00,long,0,1,3815.0,,trend_resume,,,UP
ff0494d5cdbd,RB99,1m,44,2019-04-12 21:44:00,skip,1,1,3821.0,,range_noise,,,RIGHT
ff0494d5cdbd,RB99,1m,45,2019-04-12 21:45:00,flat,1,0,3819.0,,range_noise,,,LEFT
ff0494d5cdbd,RB99,1m,46,2019-04-12 21:46:00,skip,0,0,3817.0,,range_noise,,,RIGHT
ff0494d5cdbd,RB99,1m,47,2019-04-12 21:47:00,skip,0,0,3817.0,,range_noise,,,RIGHT
ff0494d5cdbd,RB99,1m,48,2019-04-12 21:48:00,short,0,-1,3815.0,,trend_resume,,,DOWN
ff0494d5cdbd,RB99,1m,49,2019-04-12 21:49:00,skip,-1,-1,3815.0,,range_noise,,,RIGHT
ff0494d5cdbd,RB99,1m,50,2019-04-12 21:50:00,flat,-1,0,3820.0,,range_noise,,,LEFT
ff0494d5cdbd,RB99,1m,51,2019-04-12 21:51:00,skip,0,0,3819.0,,range_noise,,,RIGHT
ff0494d5cdbd,RB99,1m,52,2019-04-12 21:52:00,skip,0,0,3816.0,,range_noise,,,RIGHT
ff0494d5cdbd,RB99,1m,53,2019-04-12 21:53:00,skip,0,0,3816.0,,range_noise,,,RIGHT
ff0494d5cdbd,RB99,1m,54,2019-04-12 21:54:00,skip,0,0,3816.0,,range_noise,,,RIGHT
ff0494d5cdbd,RB99,1m,55,2019-04-12 21:55:00,long,0,1,3819.0,,trend_resume,,,UP
ff0494d5cdbd,RB99,1m,56,2019-04-12 21:56:00,flat,1,0,3816.0,,no_follow_through,,,LEFT
ff0494d5cdbd,RB99,1m,57,2019-04-12 21:57:00,skip,0,0,3816.0,,range_noise,,,RIGHT
ff0494d5cdbd,RB99,1m,58,2019-04-12 21:58:00,skip,0,0,3816.0,,range_noise,,,RIGHT
ff0494d5cdbd,RB99,1m,59,2019-04-12 21:59:00,skip,0,0,3819.0,,range_noise,,,RIGHT
ff0494d5cdbd,RB99,1m,60,2019-04-12 22:00:00,skip,0,0,3815.0,,range_noise,,,RIGHT
ff0494d5cdbd,RB99,1m,61,2019-04-12 22:01:00,skip,0,0,3815.0,,range_noise,,,RIGHT
ff0494d5cdbd,RB99,1m,62,2019-04-12 22:02:00,short,0,-1,3813.0,,trend_resume,,,DOWN
ff0494d5cdbd,RB99,1m,63,2019-04-12 22:03:00,skip,-1,-1,3816.0,,range_noise,,,RIGHT
ff0494d5cdbd,RB99,1m,64,2019-04-12 22:04:00,skip,-1,-1,3817.0,,range_noise,,,RIGHT
ff0494d5cdbd,RB99,1m,65,2019-04-12 22:05:00,skip,-1,-1,3817.0,,range_noise,,,RIGHT
ff0494d5cdbd,RB99,1m,66,2019-04-12 22:06:00,skip,-1,-1,3814.0,,range_noise,,,RIGHT
ff0494d5cdbd,RB99,1m,67,2019-04-12 22:07:00,skip,-1,-1,3816.0,,range_noise,,,RIGHT
ff0494d5cdbd,RB99,1m,68,2019-04-12 22:08:00,skip,-1,-1,3817.0,,range_noise,,,RIGHT
ff0494d5cdbd,RB99,1m,69,2019-04-12 22:09:00,skip,-1,-1,3816.0,,range_noise,,,RIGHT
ff0494d5cdbd,RB99,1m,70,2019-04-12 22:10:00,flat,-1,0,3818.0,,range_noise,,,LEFT
ff0494d5cdbd,RB99,1m,71,2019-04-12 22:11:00,skip,0,0,3818.0,,range_noise,,,RIGHT
ff0494d5cdbd,RB99,1m,72,2019-04-12 22:12:00,skip,0,0,3818.0,,range_noise,,,RIGHT
ff0494d5cdbd,RB99,1m,73,2019-04-12 22:13:00,skip,0,0,3824.0,,range_noise,,,RIGHT
ff0494d5cdbd,RB99,1m,74,2019-04-12 22:14:00,skip,0,0,3819.0,,range_noise,,,RIGHT
ff0494d5cdbd,RB99,1m,75,2019-04-12 22:15:00,long,0,1,3823.0,,trend_resume,,,UP
ff0494d5cdbd,RB99,1m,76,2019-04-12 22:16:00,skip,1,1,3822.0,,range_noise,,,RIGHT
ff0494d5cdbd,RB99,1m,77,2019-04-12 22:17:00,skip,1,1,3820.0,,range_noise,,,RIGHT
ff0494d5cdbd,RB99,1m,78,2019-04-12 22:18:00,skip,1,1,3820.0,,range_noise,,,RIGHT
ff0494d5cdbd,RB99,1m,79,2019-04-12 22:19:00,skip,1,1,3822.0,,range_noise,,,RIGHT
ff0494d5cdbd,RB99,1m,80,2019-04-12 22:20:00,skip,1,1,3822.0,,range_noise,,,RIGHT
ff0494d5cdbd,RB99,1m,81,2019-04-12 22:21:00,skip,1,1,3825.0,,range_noise,,,RIGHT
ff0494d5cdbd,RB99,1m,82,2019-04-12 22:22:00,skip,1,1,3823.0,,range_noise,,,RIGHT
ff0494d5cdbd,RB99,1m,83,2019-04-12 22:23:00,skip,1,1,3823.0,,range_noise,,,RIGHT
ff0494d5cdbd,RB99,1m,84,2019-04-12 22:24:00,skip,1,1,3826.0,,range_noise,,,RIGHT
ff0494d5cdbd,RB99,1m,85,2019-04-12 22:25:00,skip,1,1,3828.0,,range_noise,,,RIGHT
ff0494d5cdbd,RB99,1m,86,2019-04-12 22:26:00,skip,1,1,3829.0,,range_noise,,,RIGHT
ff0494d5cdbd,RB99,1m,87,2019-04-12 22:27:00,skip,1,1,3834.0,,range_noise,,,RIGHT
ff0494d5cdbd,RB99,1m,88,2019-04-12 22:28:00,flat,1,0,3828.0,,structure_broke,,,LEFT
ff0494d5cdbd,RB99,1m,89,2019-04-12 22:29:00,skip,0,0,3832.0,,range_noise,,,RIGHT
ff0494d5cdbd,RB99,1m,90,2019-04-12 22:30:00,skip,0,0,3828.0,,range_noise,,,RIGHT
ff0494d5cdbd,RB99,1m,91,2019-04-12 22:31:00,skip,0,0,3823.0,,range_noise,,,RIGHT
ff0494d5cdbd,RB99,1m,92,2019-04-12 22:32:00,skip,0,0,3812.0,,range_noise,,,RIGHT
ff0494d5cdbd,RB99,1m,93,2019-04-12 22:33:00,skip,0,0,3800.0,,range_noise,,,RIGHT
ff0494d5cdbd,RB99,1m,94,2019-04-12 22:34:00,skip,0,0,3805.0,,range_noise,,,RIGHT
ff0494d5cdbd,RB99,1m,95,2019-04-12 22:35:00,short,0,-1,3802.0,,trend_resume,,,DOWN
ff0494d5cdbd,RB99,1m,96,2019-04-12 22:36:00,flat,-1,0,3802.0,,no_follow_through,,,LEFT
ff0494d5cdbd,RB99,1m,97,2019-04-12 22:37:00,skip,0,0,3800.0,,range_noise,,,RIGHT
ff0494d5cdbd,RB99,1m,98,2019-04-12 22:38:00,skip,0,0,3808.0,,range_noise,,,RIGHT
ff0494d5cdbd,RB99,1m,99,2019-04-12 22:39:00,skip,0,0,3805.0,,range_noise,,,RIGHT
ff0494d5cdbd,RB99,1m,100,2019-04-12 22:40:00,skip,0,0,3807.0,,range_noise,,,RIGHT
ff0494d5cdbd,RB99,1m,101,2019-04-12 22:41:00,skip,0,0,3807.0,,range_noise,,,RIGHT
ff0494d5cdbd,RB99,1m,102,2019-04-12 22:42:00,long,0,1,3814.0,,trend_resume,,,UP
ff0494d5cdbd,RB99,1m,103,2019-04-12 22:43:00,flat,1,0,3821.0,,no_follow_through,,,LEFT
ff0494d5cdbd,RB99,1m,104,2019-04-12 22:44:00,skip,0,0,3821.0,,range_noise,,,RIGHT
ff0494d5cdbd,RB99,1m,105,2019-04-12 22:45:00,skip,0,0,3820.0,,range_noise,,,RIGHT
ff0494d5cdbd,RB99,1m,106,2019-04-12 22:46:00,skip,0,0,3815.0,,range_noise,,,RIGHT
ff0494d5cdbd,RB99,1m,107,2019-04-12 22:47:00,skip,0,0,3814.0,,range_noise,,,RIGHT
ff0494d5cdbd,RB99,1m,108,2019-04-12 22:48:00,skip,0,0,3817.0,,range_noise,,,RIGHT
ff0494d5cdbd,RB99,1m,109,2019-04-12 22:49:00,skip,0,0,3819.0,,range_noise,,,RIGHT
ff0494d5cdbd,RB99,1m,110,2019-04-12 22:50:00,skip,0,0,3817.0,,range_noise,,,RIGHT
ff0494d5cdbd,RB99,1m,111,2019-04-12 22:51:00,skip,0,0,3818.0,,range_noise,,,RIGHT
ff0494d5cdbd,RB99,1m,112,2019-04-12 22:52:00,skip,0,0,3826.0,,range_noise,,,RIGHT
ff0494d5cdbd,RB99,1m,113,2019-04-12 22:53:00,skip,0,0,3824.0,,range_noise,,,RIGHT
ff0494d5cdbd,RB99,1m,114,2019-04-12 22:54:00,skip,0,0,3820.0,,range_noise,,,RIGHT
ff0494d5cdbd,RB99,1m,115,2019-04-12 22:55:00,skip,0,0,3819.0,,range_noise,,,RIGHT
ff0494d5cdbd,RB99,1m,116,2019-04-12 22:56:00,skip,0,0,3821.0,,range_noise,,,RIGHT
ff0494d5cdbd,RB99,1m,117,2019-04-12 22:57:00,skip,0,0,3823.0,,range_noise,,,RIGHT
ff0494d5cdbd,RB99,1m,118,2019-04-12 22:58:00,skip,0,0,3822.0,,range_noise,,,RIGHT
ff0494d5cdbd,RB99,1m,119,2019-04-12 22:59:00,skip,0,0,3824.0,,range_noise,,,RIGHT
ff0494d5cdbd,RB99,1m,120,2019-04-15 09:00:00,long,0,1,3827.0,,trend_resume,,,UP
ff0494d5cdbd,RB99,1m,121,2019-04-15 09:01:00,skip,1,1,3831.0,,range_noise,,,RIGHT
ff0494d5cdbd,RB99,1m,122,2019-04-15 09:02:00,skip,1,1,3833.0,,range_noise,,,RIGHT
ff0494d5cdbd,RB99,1m,123,2019-04-15 09:03:00,flat,1,0,3831.0,,no_follow_through,,,LEFT
ff0494d5cdbd,RB99,1m,124,2019-04-15 09:04:00,skip,0,0,3824.0,,range_noise,,,RIGHT
ff0494d5cdbd,RB99,1m,125,2019-04-15 09:05:00,skip,0,0,3818.0,,range_noise,,,RIGHT
ff0494d5cdbd,RB99,1m,126,2019-04-15 09:06:00,skip,0,0,3820.0,,range_noise,,,RIGHT
ff0494d5cdbd,RB99,1m,127,2019-04-15 09:07:00,skip,0,0,3825.0,,range_noise,,,RIGHT
ff0494d5cdbd,RB99,1m,128,2019-04-15 09:08:00,skip,0,0,3823.0,,range_noise,,,RIGHT
ff0494d5cdbd,RB99,1m,129,2019-04-15 09:09:00,skip,0,0,3821.0,,range_noise,,,RIGHT
ff0494d5cdbd,RB99,1m,130,2019-04-15 09:10:00,skip,0,0,3822.0,,range_noise,,,RIGHT
ff0494d5cdbd,RB99,1m,131,2019-04-15 09:11:00,skip,0,0,3827.0,,range_noise,,,RIGHT
ff0494d5cdbd,RB99,1m,132,2019-04-15 09:12:00,skip,0,0,3823.0,,range_noise,,,RIGHT
ff0494d5cdbd,RB99,1m,133,2019-04-15 09:13:00,skip,0,0,3823.0,,range_noise,,,RIGHT
ff0494d5cdbd,RB99,1m,134,2019-04-15 09:14:00,skip,0,0,3819.0,,range_noise,,,RIGHT
ff0494d5cdbd,RB99,1m,135,2019-04-15 09:15:00,skip,0,0,3821.0,,range_noise,,,RIGHT
ff0494d5cdbd,RB99,1m,136,2019-04-15 09:16:00,skip,0,0,3822.0,,range_noise,,,RIGHT
ff0494d5cdbd,RB99,1m,137,2019-04-15 09:17:00,skip,0,0,3820.0,,range_noise,,,RIGHT
ff0494d5cdbd,RB99,1m,138,2019-04-15 09:18:00,short,0,-1,3815.0,,trend_resume,,,DOWN
ff0494d5cdbd,RB99,1m,139,2019-04-15 09:19:00,skip,-1,-1,3819.0,,range_noise,,,RIGHT
ff0494d5cdbd,RB99,1m,140,2019-04-15 09:20:00,skip,-1,-1,3818.0,,range_noise,,,RIGHT
ff0494d5cdbd,RB99,1m,141,2019-04-15 09:21:00,skip,-1,-1,3817.0,,range_noise,,,RIGHT
ff0494d5cdbd,RB99,1m,142,2019-04-15 09:22:00,skip,-1,-1,3814.0,,range_noise,,,RIGHT
ff0494d5cdbd,RB99,1m,143,2019-04-15 09:23:00,skip,-1,-1,3815.0,,range_noise,,,RIGHT
ff0494d5cdbd,RB99,1m,144,2019-04-15 09:24:00,flat,-1,0,3820.0,,no_follow_through,,,LEFT
ff0494d5cdbd,RB99,1m,145,2019-04-15 09:25:00,skip,0,0,3820.0,,range_noise,,,RIGHT
ff0494d5cdbd,RB99,1m,146,2019-04-15 09:26:00,skip,0,0,3822.0,,range_noise,,,RIGHT
ff0494d5cdbd,RB99,1m,147,2019-04-15 09:27:00,skip,0,0,3823.0,,range_noise,,,RIGHT
ff0494d5cdbd,RB99,1m,148,2019-04-15 09:28:00,skip,0,0,3822.0,,range_noise,,,RIGHT
ff0494d5cdbd,RB99,1m,149,2019-04-15 09:29:00,long,0,1,3825.0,,trend_resume,,,UP
ff0494d5cdbd,RB99,1m,150,2019-04-15 09:30:00,skip,1,1,3822.0,,range_noise,,,RIGHT
ff0494d5cdbd,RB99,1m,151,2019-04-15 09:31:00,skip,1,1,3822.0,,range_noise,,,RIGHT
ff0494d5cdbd,RB99,1m,152,2019-04-15 09:32:00,skip,1,1,3825.0,,range_noise,,,RIGHT
ff0494d5cdbd,RB99,1m,153,2019-04-15 09:33:00,skip,1,1,3825.0,,range_noise,,,RIGHT
ff0494d5cdbd,RB99,1m,154,2019-04-15 09:34:00,skip,1,1,3829.0,,range_noise,,,RIGHT
ff0494d5cdbd,RB99,1m,155,2019-04-15 09:35:00,skip,1,1,3825.0,,range_noise,,,RIGHT
ff0494d5cdbd,RB99,1m,156,2019-04-15 09:36:00,skip,1,1,3824.0,,range_noise,,,RIGHT
ff0494d5cdbd,RB99,1m,157,2019-04-15 09:37:00,skip,1,1,3822.0,,range_noise,,,RIGHT
ff0494d5cdbd,RB99,1m,158,2019-04-15 09:38:00,skip,1,1,3823.0,,range_noise,,,RIGHT
ff0494d5cdbd,RB99,1m,159,2019-04-15 09:39:00,skip,1,1,3826.0,,range_noise,,,RIGHT
ff0494d5cdbd,RB99,1m,160,2019-04-15 09:40:00,skip,1,1,3825.0,,range_noise,,,RIGHT
ff0494d5cdbd,RB99,1m,161,2019-04-15 09:41:00,skip,1,1,3827.0,,range_noise,,,RIGHT
ff0494d5cdbd,RB99,1m,162,2019-04-15 09:42:00,flat,1,0,3828.0,,no_follow_through,,,LEFT
ff0494d5cdbd,RB99,1m,163,2019-04-15 09:43:00,skip,0,0,3824.0,,range_noise,,,RIGHT
ff0494d5cdbd,RB99,1m,164,2019-04-15 09:44:00,skip,0,0,3826.0,,range_noise,,,RIGHT
ff0494d5cdbd,RB99,1m,165,2019-04-15 09:45:00,skip,0,0,3828.0,,range_noise,,,RIGHT
ff0494d5cdbd,RB99,1m,166,2019-04-15 09:46:00,skip,0,0,3825.0,,range_noise,,,RIGHT
ff0494d5cdbd,RB99,1m,167,2019-04-15 09:47:00,skip,0,0,3827.0,,range_noise,,,RIGHT
ff0494d5cdbd,RB99,1m,168,2019-04-15 09:48:00,skip,0,0,3827.0,,range_noise,,,RIGHT
ff0494d5cdbd,RB99,1m,169,2019-04-15 09:49:00,long,0,1,3830.0,,trend_resume,,,UP
ff0494d5cdbd,RB99,1m,170,2019-04-15 09:50:00,skip,1,1,3828.0,,range_noise,,,RIGHT
ff0494d5cdbd,RB99,1m,171,2019-04-15 09:51:00,skip,1,1,3827.0,,range_noise,,,RIGHT
ff0494d5cdbd,RB99,1m,172,2019-04-15 09:52:00,skip,1,1,3828.0,,range_noise,,,RIGHT
ff0494d5cdbd,RB99,1m,173,2019-04-15 09:53:00,skip,1,1,3830.0,,range_noise,,,RIGHT
ff0494d5cdbd,RB99,1m,174,2019-04-15 09:54:00,skip,1,1,3830.0,,range_noise,,,RIGHT
ff0494d5cdbd,RB99,1m,175,2019-04-15 09:55:00,skip,1,1,3830.0,,range_noise,,,RIGHT
ff0494d5cdbd,RB99,1m,176,2019-04-15 09:56:00,skip,1,1,3828.0,,range_noise,,,RIGHT
ff0494d5cdbd,RB99,1m,177,2019-04-15 09:57:00,flat,1,0,3825.0,,failed_breakout,,,LEFT
ff0494d5cdbd,RB99,1m,178,2019-04-15 09:58:00,skip,0,0,3826.0,,range_noise,,,RIGHT
ff0494d5cdbd,RB99,1m,179,2019-04-15 09:59:00,skip,0,0,3827.0,,range_noise,,,RIGHT
ff0494d5cdbd,RB99,1m,180,2019-04-15 10:00:00,skip,0,0,3827.0,,range_noise,,,RIGHT
ff0494d5cdbd,RB99,1m,181,2019-04-15 10:01:00,skip,0,0,3829.0,,range_noise,,,RIGHT
ff0494d5cdbd,RB99,1m,182,2019-04-15 10:02:00,skip,0,0,3826.0,,range_noise,,,RIGHT
ff0494d5cdbd,RB99,1m,183,2019-04-15 10:03:00,skip,0,0,3826.0,,range_noise,,,RIGHT
ff0494d5cdbd,RB99,1m,184,2019-04-15 10:04:00,skip,0,0,3827.0,,range_noise,,,RIGHT
ff0494d5cdbd,RB99,1m,185,2019-04-15 10:05:00,skip,0,0,3829.0,,range_noise,,,RIGHT
ff0494d5cdbd,RB99,1m,186,2019-04-15 10:06:00,skip,0,0,3827.0,,range_noise,,,RIGHT
ff0494d5cdbd,RB99,1m,187,2019-04-15 10:07:00,skip,0,0,3827.0,,range_noise,,,RIGHT
ff0494d5cdbd,RB99,1m,188,2019-04-15 10:08:00,skip,0,0,3827.0,,range_noise,,,RIGHT
ff0494d5cdbd,RB99,1m,189,2019-04-15 10:09:00,skip,0,0,3829.0,,range_noise,,,RIGHT
ff0494d5cdbd,RB99,1m,190,2019-04-15 10:10:00,skip,0,0,3829.0,,range_noise,,,RIGHT
ff0494d5cdbd,RB99,1m,191,2019-04-15 10:11:00,short,0,-1,3825.0,,trend_resume,,,DOWN
ff0494d5cdbd,RB99,1m,192,2019-04-15 10:12:00,skip,-1,-1,3826.0,,range_noise,,,RIGHT
ff0494d5cdbd,RB99,1m,193,2019-04-15 10:13:00,skip,-1,-1,3825.0,,range_noise,,,RIGHT
ff0494d5cdbd,RB99,1m,194,2019-04-15 10:14:00,skip,-1,-1,3826.0,,range_noise,,,RIGHT
ff0494d5cdbd,RB99,1m,195,2019-04-15 10:30:00,flat,-1,0,3826.0,,failed_breakout,,,LEFT
ff0494d5cdbd,RB99,1m,196,2019-04-15 10:31:00,skip,0,0,3826.0,,range_noise,,,RIGHT
ff0494d5cdbd,RB99,1m,197,2019-04-15 10:32:00,skip,0,0,3826.0,,range_noise,,,RIGHT
ff0494d5cdbd,RB99,1m,198,2019-04-15 10:33:00,skip,0,0,3824.0,,range_noise,,,RIGHT
ff0494d5cdbd,RB99,1m,199,2019-04-15 10:34:00,skip,0,0,3826.0,,range_noise,,,RIGHT
ff0494d5cdbd,RB99,1m,200,2019-04-15 10:35:00,skip,0,0,3825.0,,range_noise,,,RIGHT
ff0494d5cdbd,RB99,1m,201,2019-04-15 10:36:00,skip,0,0,3825.0,,range_noise,,,RIGHT
ff0494d5cdbd,RB99,1m,202,2019-04-15 10:37:00,skip,0,0,3822.0,,range_noise,,,RIGHT
ff0494d5cdbd,RB99,1m,203,2019-04-15 10:38:00,skip,0,0,3824.0,,range_noise,,,RIGHT
ff0494d5cdbd,RB99,1m,204,2019-04-15 10:39:00,skip,0,0,3828.0,,range_noise,,,RIGHT
ff0494d5cdbd,RB99,1m,205,2019-04-15 10:40:00,skip,0,0,3826.0,,range_noise,,,RIGHT
ff0494d5cdbd,RB99,1m,206,2019-04-15 10:41:00,skip,0,0,3827.0,,range_noise,,,RIGHT
ff0494d5cdbd,RB99,1m,207,2019-04-15 10:42:00,short,0,-1,3825.0,,trend_resume,,,DOWN
ff0494d5cdbd,RB99,1m,208,2019-04-15 10:43:00,flat,-1,0,3826.0,,failed_breakout,,,LEFT
ff0494d5cdbd,RB99,1m,209,2019-04-15 10:44:00,skip,0,0,3825.0,,range_noise,,,RIGHT
ff0494d5cdbd,RB99,1m,210,2019-04-15 10:45:00,skip,0,0,3826.0,,range_noise,,,RIGHT
ff0494d5cdbd,RB99,1m,211,2019-04-15 10:46:00,skip,0,0,3827.0,,range_noise,,,RIGHT
ff0494d5cdbd,RB99,1m,212,2019-04-15 10:47:00,skip,0,0,3824.0,,range_noise,,,RIGHT
ff0494d5cdbd,RB99,1m,213,2019-04-15 10:48:00,short,0,-1,3822.0,,trend_resume,,,DOWN
ff0494d5cdbd,RB99,1m,214,2019-04-15 10:49:00,skip,-1,-1,3821.0,,range_noise,,,RIGHT
ff0494d5cdbd,RB99,1m,215,2019-04-15 10:50:00,skip,-1,-1,3822.0,,range_noise,,,RIGHT
ff0494d5cdbd,RB99,1m,216,2019-04-15 10:51:00,skip,-1,-1,3822.0,,range_noise,,,RIGHT
ff0494d5cdbd,RB99,1m,217,2019-04-15 10:52:00,skip,-1,-1,3823.0,,range_noise,,,RIGHT
ff0494d5cdbd,RB99,1m,218,2019-04-15 10:53:00,skip,-1,-1,3823.0,,range_noise,,,RIGHT
ff0494d5cdbd,RB99,1m,219,2019-04-15 10:54:00,skip,-1,-1,3823.0,,range_noise,,,RIGHT
ff0494d5cdbd,RB99,1m,220,2019-04-15 10:55:00,skip,-1,-1,3823.0,,range_noise,,,RIGHT
ff0494d5cdbd,RB99,1m,221,2019-04-15 10:56:00,skip,-1,-1,3824.0,,range_noise,,,RIGHT
ff0494d5cdbd,RB99,1m,222,2019-04-15 10:57:00,skip,-1,-1,3826.0,,range_noise,,,RIGHT
ff0494d5cdbd,RB99,1m,223,2019-04-15 10:58:00,flat,-1,0,3821.0,,failed_breakout,,,LEFT
ff0494d5cdbd,RB99,1m,224,2019-04-15 10:59:00,skip,0,0,3824.0,,range_noise,,,RIGHT
ff0494d5cdbd,RB99,1m,225,2019-04-15 11:00:00,skip,0,0,3822.0,,range_noise,,,RIGHT
ff0494d5cdbd,RB99,1m,226,2019-04-15 11:01:00,skip,0,0,3823.0,,range_noise,,,RIGHT
ff0494d5cdbd,RB99,1m,227,2019-04-15 11:02:00,skip,0,0,3825.0,,range_noise,,,RIGHT
ff0494d5cdbd,RB99,1m,228,2019-04-15 11:03:00,skip,0,0,3826.0,,range_noise,,,RIGHT
ff0494d5cdbd,RB99,1m,229,2019-04-15 11:04:00,skip,0,0,3822.0,,range_noise,,,RIGHT
ff0494d5cdbd,RB99,1m,230,2019-04-15 11:05:00,skip,0,0,3825.0,,range_noise,,,RIGHT
ff0494d5cdbd,RB99,1m,231,2019-04-15 11:06:00,skip,0,0,3824.0,,range_noise,,,RIGHT
ff0494d5cdbd,RB99,1m,232,2019-04-15 11:07:00,skip,0,0,3823.0,,range_noise,,,RIGHT
ff0494d5cdbd,RB99,1m,233,2019-04-15 11:08:00,skip,0,0,3822.0,,range_noise,,,RIGHT
ff0494d5cdbd,RB99,1m,234,2019-04-15 11:09:00,skip,0,0,3820.0,,range_noise,,,RIGHT
ff0494d5cdbd,RB99,1m,235,2019-04-15 11:10:00,skip,0,0,3822.0,,range_noise,,,RIGHT
ff0494d5cdbd,RB99,1m,236,2019-04-15 11:11:00,skip,0,0,3822.0,,range_noise,,,RIGHT
ff0494d5cdbd,RB99,1m,237,2019-04-15 11:12:00,skip,0,0,3823.0,,,,,RIGHT
